{"cameraMode":{"drawMode":0,"name":"Shaded","section":"Shading Mode"},"sceneLighting":true,"audioPlay":false,"sceneViewState":{"showFog":true,"showMaterialUpdate":true,"showSkybox":true,"showFlares":true,"showImageEffects":true,"showParticleSystems":true},"in2DMode":false,"pivot":{"x":0.7572145462036133,"y":-5.143421649932861,"z":84.57768249511719},"rotation":{"x":-0.04050320014357567,"y":-0.0014941846020519734,"z":0.00006115399446571246,"w":-0.9991782903671265},"size":100.88493347167969,"orthographic":false}